model_name,test_accuracy,test_precision,test_recall,test_f1
XGBClassifier,95.39999999999999,97.8,92.9,95.3
RandomForestClassifier,94.39999999999999,96.3,92.30000000000001,94.3
GradientBoostingClassifier,93.30000000000001,97.8,88.6,93.0
AdaBoostClassifier,88.5,90.9,85.5,88.1
KNeighborsClassifier,75.6,70.0,89.7,78.60000000000001
LogisticRegressionCV,69.6,68.8,72.1,70.39999999999999
